,tf-cod,sklearn-svddc
0,2994.7025986086337,2994.7025968545304
1,788.345439399901,788.345439400206
2,858.63740229333,858.6374016409717
3,419.26901690924876,419.2690170067084
4,6944.290533997768,6944.2905332342925
5,1066.2174512129095,1066.2174725864243
6,367.49092698567097,367.490928121591
7,649.335218247361,649.3352178445646
8,1515.7712309955102,1515.7712307427669
9,932.735811930278,932.7358111979726
