,tf-cod,sklearn-svddc
0,54.72387594650651,54.72387593047965
1,28.0774899056148,28.077489905620233
2,29.30251528953325,29.302515278401813
3,20.47605960406564,20.476059606445485
4,83.33240986553652,83.33240986095561
5,32.65298533385438,32.65298566113709
6,19.17005286861961,19.170052898247075
7,25.482056789972056,25.482056782068526
8,38.932906788416275,38.932906785170395
9,30.540723827870845,30.540723815881847
