,tf-cod,sklearn-svddc
0,0.9193031493780116,0.9193031494252786
1,0.9797104997915843,0.9797104997915764
2,0.9586907766955574,0.9586907767269424
3,0.9834392427897873,0.9834392427859378
4,0.6476299050000021,0.6476299050387427
5,0.9528277254723048,0.9528277245266841
6,0.9827622156459561,0.9827622155926738
7,0.9644611679520958,0.9644611679741413
8,0.9179189582994006,0.917918958313087
9,0.9762761856835299,0.9762761857021558
